Size,Time
0.59,11.656493585091084
24.229999999999997,699.4749097740278
36.2,954.3411265942268
48.28999999999999,1212.7971892780624
60.33999999999999,1724.5025181518868
