Size,Time
0.59,9.333043094724417
24.229999999999997,611.6154892109334
36.2,874.9420877359807
48.28999999999999,1136.6134267523885
60.33999999999999,1395.890726376325
